888665151, Mary Alice,F,10-Nov-24,Spouse
444444400, Kathy,F,9-Oct-44,Spouse
999887777, John Smith,M,19-Jul-56,Spouse
987987987, Khadeja Begum,F,29-Mar-49,Spouse
987987987, Jalil Ahmad,M,29-Mar-29,Children
222222200, Jay Wallis,M,16-Jan-56,Spouse
222222202, Mindy Vile,F,21-Jun-42,Spouse
222222202, Amenda Vile,F,21-Jun-14,Children
222222204, Amy Vos,F,11-Nov-63,Spouse
222222204, james Vos,M,11-Nov-37,Children
444444401, William Bayes,M,19-Jun-54,Spouse
444444401, Amy Bayes,F,18-Jun-26,Children
444444401, Tom Bayes,M,20-Jun-26,Children
666666601, Mary Jarvice,F,14-Jan-64,Spouse
666666602, Bond King,M,16-Apr-64,Spouse
666666604, Monia King,F,1-Jan-55,Spouse
666666605, Aly Kramer,F,22-Aug-61,Spouse
666666606, Chistina King,F,16-Aug-48,Spouse
666666607, Alex Small,F,15-May-60,Spouse
666666608, Katherin Head,F,19-May-64,Spouse
666666608, Monica Head,F,19-May-37,Children
666666608, Rachel Head,M,18-May-37,Children