James,E,Jordan,888665151,10-Nov-27," 450 Stone,Houston,TX",M,55000,null,1
Frank,T,Wong,333445555,8-Dec-45," 638 Voss,Houston,TX",M,40000,888665555,5
Jennifer,S,Wallace,987654321,20-Jun-31," 291 Berry,Bellaire,TX",F,43000,888665555,4
Jared,D,James,111111100,10-Oct-66," 123 Peachtr,Atlanta,GA",M,85000,null,6
Alex,D,Freed,444444400,9-Oct-50," 4333 Pillsbury,Milwaukee,WI",M,89000,null,7
John,C,James,555555500,30-Jun-75," 766 Bloomington,Sacramento,CA",M,81000,null,8
John,B,Smith,123456789,9-Jan-55," 731 Fondren,Houston,TX",M,30000,333445555,5
Alicia,J,Zelaya,999887777,19-Jul-58," 3321 Castle,Spring,TX",F,25000,987654321,4
Ramesh,K,Narayan,666884444,15-Sep-52," 971 Fire Oak,Humble,TX",M,38000,333445555,5
Joyce,A,English,453453453,31-Jul-62," 5631 Rice Oak,Houston,TX",F,25000,333445555,5
Ahmad,V,Jabbar,987987987,29-Mar-59," 980 Dallas,Houston,TX",M,25000,987654321,4
Jon,C,Jones,111111101,14-Nov-67," 111 Allgood,Atlanta,GA",M,45000,111111100,6
Brad,C,Knight,111111103,13-Feb-68," 176 Main St.,Atlanta,GA",M,44000,111111100,6
Evan,E,Wallis,222222200,16-Jan-58," 134 Pelham,Milwaukee,WI",M,92000,null,7
Josh,U,Zell,222222201,22-May-54," 266 McGrady,Milwaukee,WI",M,56000,222222200,7
Andy,C,Vile,222222202,21-Jun-44," 1967 Jordan,Milwaukee,WI",M,53000,222222200,7
Tom,G,Brand,222222203,16-Dec-66," 112 Third St,Milwaukee,WI",M,62500,222222200,7
Jenny,F,Vos,222222204,11-Nov-67," 263 Mayberry,Milwaukee,WI",F,61000,222222201,7
Chris,A,Carter,222222205,21-Mar-60," 565 Jordan,Milwaukee,WI",F,43000,222222201,7
Kim,C,Grace,333333300,23-Oct-70," 667 Mills Ave,Sacramento,CA",F,79000,null,6
Jeff,H,Chase,333333301,7-Jan-70," 15 Bradbury,Sacramento,CA",M,44000,333333300,6
Bonnie,S,Bays,444444401,19-Jun-56," 111 Hollow,Milwaukee,WI",F,70000,444444400,7
Alec,C,Best,444444402,18-Jun-66," 233 Solid,Milwaukee,WI",M,60000,444444400,7
Sam,S,Snedden,444444403,31-Jul-77," 97 Windy St,Milwaukee,WI",M,48000,444444400,7
Nandita,K,Ball,555555501,16-Apr-69," 222 Howard,Sacramento,CA",M,62000,555555500,6
Bob,B,Bender,666666600,17-Apr-68," 8794 Garfield,Chicago,IL",M,96000,null,8
Jill,J,Jarvis,666666601,14-Jan-66," 6234 Lincoln,Chicago,IL",F,36000,666666600,8
Kate,W,King,666666602,16-Apr-66," 1976 Boone Trace,Chicago,IL",F,44000,666666600,8
Lyle,G,Leslie,666666603,9-Jun-63," 417 Hancock Ave,Chicago,IL",M,41000,666666601,8
Billie,J,King,666666604,1-Jan-60," 556 Washington,Chicago,IL",F,38000,666666603,8
Megan,G,Jones,254937381,2-Mar-61," 528 Stone CT,Chicago,IL",F,62000,666666600,8
Jon,A,Kramer,666666605,22-Aug-64," 1988 Windy Creek,Seattle,WA",M,41500,666666603,8
Ray,H,King,666666606,16-Aug-49," 213 Delk Road,Seattle,WA",M,44500,666666604,8
Gerald,D,Small,666666607,15-May-62," 122 Ball Street,Dallas,TX",M,29000,666666602,8
Arnold,A,Head,666666608,19-May-67," 233 Spring St,Dallas,TX",M,33000,666666602,8
Helga,C,Pataki,666666609,11-Mar-69," 101 Holyoke St,Dallas,TX",F,32000,666666602,8
Naveen,B,Drew,666666610,23-May-70," 198 Elm St,Philadelphia,PA",M,34000,666666607,8
Carl,E,Reedy,666666611,21-Jun-77," 213 Ball St,Philadelphia,PA",M,32000,666666610,8
Sammy,G,Hall,666666612,11-Jan-70," 433 Main Street,Miami,FL",M,37000,666666611,8
Red,A,Bacher,666666613,21-May-80," 196 Elm Street,Miami,FL",M,33500,666666612,8
Roy,C,Lewallen,999999999,2-Mar-77," 14 Wynncrest Street,Dallas,TX",M,75500,666666600,8
John,T,Ed,222333444,18-Feb-81," 4505 West St,Rochester,NY",M,30000,555555501,6
Jennifer,A,Joy,223344667,19-May-76," 1204 Main St,Miami,FL",F,45000,666666613,8
Kim,G,Ted,444222666,15-Apr-68," 3648 Tree Cir,Austin,TX",M,50000,999999999,8
Juan,G,Linda,112244668,23-Jun-65," 1210 Apple St,Austin,TX",F,55000,null,9
Jose,H,Barbara,343434344,28-Feb-55," 905 East St,Kleen,TX",F,35000,444444400,6
willie,D,Mary,234234234,20-Dec-61," 101 South St,Arlington,TX",F,12000,112244668,9
Erin,A,Maxfield,242535609,22-Dec-71," 123 Copper St,Arlington,TX",F,72000,555555500,8
Sunil,D,Gupta,110110110,1-Feb-01," 4312 Bowen Rd,Arlington,TX",M,80000,111111100,3
Penny,G,Wolowitz,673466642,21-Jan-74," 42 South Blvd,Miami,FL",F,17000,222333444,6
Michael,A,Morgan,636669233,11-May-84," 26 Sunset Blvd,Miami,FL",M,73500,666666612,5
Sheldon,C,Cucuou,849934919,22-Mar-74," 11 Hollywood Blvd,Dallas,TX",M,35500,888665555,8
Debra,T,Hall,202843824,11-Mar-83," 45 NY St,Rochester,NY",F,30000,555555501,6
Jisha,A,Carpenter,292740167,29-May-85," 194 Beachdr,Miami,FL",F,15000,666666613,1
Gregory,G,Laurie,444212096,15-Sep-69," 78 Tree Cir,Houston,TX",M,90000,444444400,7
Lisa,G,House,101248268,29-Jun-75," 12 Maple St,Austin,TX",F,85000,null,7
Leonard,H,Moody,349273344,9-Feb-73," 908 Greek Row,Austin,TX",M,45000,444444400,7
Jake,D,Sheen,245239264,25-Dec-54," 20 North Co,Arlington,TX",M,52000,112244668,6
Wilson,A,Holmes,242916639,2-Jun-71," 21 South Co,Arlington,TX",M,72500,555555500,4
Cameron,D,Thirteen,111422203,4-May-01," 22 Univ Blvd,Arlington,TX",F,80000,987987987,4
Joseph,K,Kirkish,913323708,4-Mar-96," 22 UT Blvd,Austin,TX",M,95000,null,7
Andrea,M,Sondrini,614370310,30-Dec-96," 1450 Worthington St,Houston,TX",F,65000,444444401,5
Cindy,K,Burklow,432765098,23-Feb-84," 2015 Neil Ave,Miami,FL",F,45000,444444402,6
Zach,A,Geller,913353347,15-Aug-90," 333 PikeWay,Seattle,WA",M,55000,444444403,6
Alex,C,Yu,1614905,17-Oct-80," 626 Mary St,Dallas,TX",M,50000,444444400,6
Richard,T,Koelbel,214370999,3-Apr-76," 50 Elk St,Chicago,IL",M,85000,999999999,4
Christina,S,Hisel,241625699,5-Jul-86," 37 Church Row,Rochester,NY",F,45000,123456789,6
Percy,M,Liang,398172999,12-Jun-91," 14 Maple St,Austin,TX",M,55000,null,9
James,U,Miller,906218888,27-May-78," 13 Fifth St,Seattle,WA",M,75000,999999999,5
Justin,A,Mark,111111102,12-Jan-66,"2342 May,Atlanta,GA",M,40000,111111100,6